"Date (TU)","Valeur (en m³/s)","Statut","Qualification","Méthode","Continuité"
2023-02-07T16:00:00.000Z,"1090","12",12,8,4
2023-02-07T17:00:00.000Z,"1180","12",12,8,0
2023-02-07T18:00:00.000Z,"1170","12",12,8,0
2023-02-07T19:00:00.000Z,"1160","12",12,8,0
2023-02-07T20:00:00.000Z,"1120","12",12,8,0
2023-02-07T21:00:00.000Z,"1060","12",12,8,0
2023-02-08T17:00:00.000Z,"1090","12",12,8,4
2023-02-08T18:00:00.000Z,"1130","12",12,8,0
2023-02-08T19:00:00.000Z,"1150","12",12,8,0
2023-02-08T20:00:00.000Z,"1140","12",12,8,0
2023-02-08T21:00:00.000Z,"1150","12",12,8,0
2023-02-08T22:00:00.000Z,"1160","12",12,8,0
2023-02-08T23:00:00.000Z,"1190","12",12,8,0
2023-02-09T00:00:00.000Z,"1220","12",12,8,0
2023-02-09T01:00:00.000Z,"1250","12",12,8,0
2023-02-09T02:00:00.000Z,"1210","12",12,8,0
2023-02-09T03:00:00.000Z,"1190","12",12,8,0
2023-02-09T04:00:00.000Z,"1170","12",12,8,0
2023-02-09T05:00:00.000Z,"1140","12",12,8,0
2023-02-09T06:00:00.000Z,"1110","12",12,8,0
2023-02-09T07:00:00.000Z,"1050","12",12,8,0
2023-02-09T22:00:00.000Z,"1080","12",12,8,4
2023-02-09T23:00:00.000Z,"1120","12",12,8,0
2023-02-10T00:00:00.000Z,"1130","12",12,8,0
2023-02-10T01:00:00.000Z,"1160","12",12,8,0
2023-02-10T02:00:00.000Z,"1180","12",12,8,0
2023-02-10T03:00:00.000Z,"1120","12",12,8,0
2023-02-10T04:00:00.000Z,"1090","12",12,8,0
2023-02-10T05:00:00.000Z,"1070","12",12,8,0
2023-02-10T06:00:00.000Z,"1030","12",12,8,0
2023-02-10T07:00:00.000Z,"1030","12",12,8,0
2023-02-10T08:00:00.000Z,"1020","12",12,8,0
2023-02-10T09:00:00.000Z,"1020","12",12,8,0
2023-02-11T04:00:00.000Z,"1020","12",12,8,4
2023-02-11T05:00:00.000Z,"1030","12",12,8,0
2023-02-11T06:00:00.000Z,"1040","12",12,8,0
2023-02-11T07:00:00.000Z,"1050","12",12,8,0
2023-02-11T08:00:00.000Z,"1070","12",12,8,0
2023-02-11T09:00:00.000Z,"1070","12",12,8,0
2023-02-11T10:00:00.000Z,"1080","12",12,8,0
2023-02-11T11:00:00.000Z,"1080","12",12,8,0
2023-02-11T12:00:00.000Z,"1080","12",12,8,0
2023-02-11T13:00:00.000Z,"1090","12",12,8,0
2023-02-12T01:00:00.000Z,"1020","12",12,8,4
2023-02-12T02:00:00.000Z,"1030","12",12,8,0
2023-02-12T03:00:00.000Z,"1040","12",12,8,0
2023-02-12T04:00:00.000Z,"1050","12",12,8,0
2023-02-12T05:00:00.000Z,"1050","12",12,8,0
2023-02-12T06:00:00.000Z,"1060","12",12,8,0
2023-02-12T07:00:00.000Z,"1080","12",12,8,0
2023-02-12T08:00:00.000Z,"1080","12",12,8,0
2023-02-12T09:00:00.000Z,"1080","12",12,8,0
2023-02-12T10:00:00.000Z,"1080","12",12,8,0
2023-02-12T11:00:00.000Z,"1100","12",12,8,0
2023-02-12T12:00:00.000Z,"1100","12",12,8,0
2023-02-12T13:00:00.000Z,"1100","12",12,8,0
2023-02-12T14:00:00.000Z,"1100","12",12,8,0
2023-02-12T15:00:00.000Z,"1100","12",12,8,0
2023-02-12T16:00:00.000Z,"1070","12",12,8,0
2023-02-13T01:00:00.000Z,"1120","12",12,8,4
2023-02-13T02:00:00.000Z,"1220","12",12,8,0
2023-02-13T03:00:00.000Z,"1260","12",12,8,0
2023-02-13T04:00:00.000Z,"1120","12",12,8,0
2023-02-13T13:00:00.000Z,"1040","12",12,8,4
2023-02-13T14:00:00.000Z,"1050","12",12,8,0
2023-02-13T15:00:00.000Z,"1030","12",12,8,0
2023-02-13T20:00:00.000Z,"1010","12",12,8,4
2023-02-13T22:00:00.000Z,"1020","12",12,8,4
2023-02-13T23:00:00.000Z,"1040","12",12,8,0
2023-02-14T00:00:00.000Z,"1030","12",12,8,0
2023-02-14T01:00:00.000Z,"1040","12",12,8,0
2023-02-14T02:00:00.000Z,"1060","12",12,8,0
2023-02-14T03:00:00.000Z,"1060","12",12,8,0
2023-02-14T04:00:00.000Z,"1060","12",12,8,0
2023-02-14T05:00:00.000Z,"1060","12",12,8,0
2023-02-14T06:00:00.000Z,"1050","12",12,8,0
2023-02-14T07:00:00.000Z,"1030","12",12,8,0
2023-02-14T16:00:00.000Z,"1020","12",12,8,4
2023-02-14T17:00:00.000Z,"1060","12",12,8,0
2023-02-14T18:00:00.000Z,"1090","12",12,8,0
2023-02-14T19:00:00.000Z,"1100","12",12,8,0
2023-02-14T20:00:00.000Z,"1100","12",12,8,0
2023-02-14T21:00:00.000Z,"1100","12",12,8,0
2023-02-14T22:00:00.000Z,"1090","12",12,8,0
2023-02-14T23:00:00.000Z,"1080","12",12,8,0
2023-02-15T00:00:00.000Z,"1060","12",12,8,0
2023-02-15T01:00:00.000Z,"1040","12",12,8,0
2023-02-15T14:00:00.000Z,"1010","12",12,8,4
2023-02-16T07:00:00.000Z,"1040","12",12,8,4
2023-02-16T08:00:00.000Z,"1050","12",12,8,0
2023-02-16T09:00:00.000Z,"1040","12",12,8,0
2023-02-16T10:00:00.000Z,"1050","12",12,8,0
2023-02-16T14:00:00.000Z,"1010","12",12,8,4
2023-02-16T20:00:00.000Z,"1020","12",12,8,4
2023-02-16T21:00:00.000Z,"1040","12",12,8,0
2023-02-16T22:00:00.000Z,"1070","12",12,8,0
2023-02-16T23:00:00.000Z,"1110","12",12,8,0
2023-02-17T00:00:00.000Z,"1120","12",12,8,0
2023-02-17T01:00:00.000Z,"1110","12",12,8,0
2023-02-17T02:00:00.000Z,"1100","12",12,8,0
2023-02-17T03:00:00.000Z,"1080","12",12,8,0
2023-02-17T04:00:00.000Z,"1040","12",12,8,0
2023-02-17T15:00:00.000Z,"1020","12",12,8,4
2023-02-17T16:00:00.000Z,"1060","12",12,8,0
2023-02-17T17:00:00.000Z,"1060","12",12,8,0
2023-02-17T18:00:00.000Z,"1070","12",12,8,0
2023-02-18T10:00:00.000Z,"1030","12",12,8,4
2023-02-18T11:00:00.000Z,"1080","12",12,8,0
2023-02-18T12:00:00.000Z,"1100","12",12,8,0
2023-02-19T00:00:00.000Z,"1020","12",12,8,4
2023-02-19T01:00:00.000Z,"1040","12",12,8,0
2023-02-19T02:00:00.000Z,"1060","12",12,8,0
2023-02-19T03:00:00.000Z,"1070","12",12,8,0
2023-02-19T04:00:00.000Z,"1090","12",12,8,0
2023-02-19T05:00:00.000Z,"1100","12",12,8,0
2023-02-19T06:00:00.000Z,"1110","12",12,8,0
2023-02-19T07:00:00.000Z,"1120","12",12,8,0
2023-02-19T08:00:00.000Z,"1120","12",12,8,0
2023-02-19T09:00:00.000Z,"1140","12",12,8,0
2023-02-19T10:00:00.000Z,"1140","12",12,8,0
2023-02-19T11:00:00.000Z,"1140","12",12,8,0
2023-02-19T22:00:00.000Z,"1030","12",12,8,4
2023-02-19T23:00:00.000Z,"1080","12",12,8,0
2023-02-20T00:00:00.000Z,"1120","12",12,8,0
2023-02-20T01:00:00.000Z,"1140","12",12,8,0
2023-02-20T02:00:00.000Z,"1140","12",12,8,0
2023-02-20T03:00:00.000Z,"1150","12",12,8,0
2023-02-20T04:00:00.000Z,"1150","12",12,8,0
2023-02-20T05:00:00.000Z,"1130","12",12,8,0
2023-02-20T06:00:00.000Z,"1090","12",12,8,0
2023-02-21T05:00:00.000Z,"1010","12",12,8,4
2023-02-21T09:00:00.000Z,"1020","12",12,8,4
2023-02-21T10:00:00.000Z,"1040","12",12,8,0
2023-02-21T11:00:00.000Z,"1020","12",12,8,0
2023-02-21T12:00:00.000Z,"1030","12",12,8,0
2023-02-21T13:00:00.000Z,"1030","12",12,8,0
2023-02-21T14:00:00.000Z,"1040","12",12,8,0
2023-02-21T15:00:00.000Z,"1060","12",12,8,0
2023-02-21T16:00:00.000Z,"1070","12",12,8,0
2023-02-21T17:00:00.000Z,"1080","12",12,8,0
2023-02-21T18:00:00.000Z,"1070","12",12,8,0
2023-02-21T19:00:00.000Z,"1080","12",12,8,0
2023-02-21T20:00:00.000Z,"1030","12",12,8,0
2023-02-21T21:00:00.000Z,"1030","12",12,8,0
2023-02-21T22:00:00.000Z,"1020","12",12,8,0
2023-02-21T23:00:00.000Z,"1020","12",12,8,0
2023-02-22T14:00:00.000Z,"1060","12",12,8,4
2023-02-22T15:00:00.000Z,"1050","12",12,8,0
2023-02-23T09:00:00.000Z,"1170","12",12,8,4
2023-02-23T10:00:00.000Z,"1220","12",12,8,0
2023-02-23T11:00:00.000Z,"1190","12",12,8,0
2023-02-23T12:00:00.000Z,"1130","12",12,8,0
2023-02-23T13:00:00.000Z,"1110","12",12,8,0
2023-02-23T14:00:00.000Z,"1170","12",12,8,0
2023-02-23T15:00:00.000Z,"1120","12",12,8,0
2023-02-24T06:00:00.000Z,"1040","12",12,8,4
2023-02-24T07:00:00.000Z,"1060","12",12,8,0
2023-02-24T08:00:00.000Z,"1060","12",12,8,0
2023-02-24T09:00:00.000Z,"1080","12",12,8,0
2023-02-24T10:00:00.000Z,"1090","12",12,8,0
2023-02-24T11:00:00.000Z,"1060","12",12,8,0
2023-02-24T12:00:00.000Z,"1020","12",12,8,0
2023-02-25T12:00:00.000Z,"1260","12",12,8,4
2023-02-25T13:00:00.000Z,"1270","12",12,8,0
2023-02-25T14:00:00.000Z,"1170","12",12,8,0
2023-02-25T15:00:00.000Z,"1050","12",12,8,0
2023-02-26T10:00:00.000Z,"1050","12",12,8,4
2023-02-26T11:00:00.000Z,"1070","12",12,8,0
2023-02-26T12:00:00.000Z,"1050","12",12,8,0
2023-02-26T13:00:00.000Z,"1070","12",12,8,0
2023-02-26T14:00:00.000Z,"1090","12",12,8,0
2023-02-26T15:00:00.000Z,"1090","12",12,8,0
2023-02-26T16:00:00.000Z,"1100","12",12,8,0
2023-02-26T17:00:00.000Z,"1090","12",12,8,0
2023-02-26T18:00:00.000Z,"1050","12",12,8,0
2023-02-26T19:00:00.000Z,"1060","12",12,8,0
2023-02-26T20:00:00.000Z,"1040","12",12,8,0
2023-02-26T21:00:00.000Z,"1030","12",12,8,0
2023-02-26T22:00:00.000Z,"1030","12",12,8,0
2023-02-26T23:00:00.000Z,"1020","12",12,8,0
2023-02-28T06:00:00.000Z,"1010","12",12,8,4
2023-02-28T07:00:00.000Z,"1020","12",12,8,0
2023-02-28T08:00:00.000Z,"1020","12",12,8,0
2023-02-28T09:00:00.000Z,"1020","12",12,8,0
2023-03-01T20:00:00.000Z,"1020","12",12,8,4
2023-03-01T21:00:00.000Z,"1020","12",12,8,0
2023-03-01T22:00:00.000Z,"1020","12",12,8,0
2023-03-01T23:00:00.000Z,"1030","12",12,8,0
2023-03-03T04:00:00.000Z,"1030","12",12,8,4
2023-03-03T22:00:00.000Z,"1050","12",12,8,4
2023-03-03T23:00:00.000Z,"1100","12",12,8,0
2023-03-04T00:00:00.000Z,"1140","12",12,8,0
2023-03-04T01:00:00.000Z,"1170","12",12,8,0
2023-03-04T02:00:00.000Z,"1150","12",12,8,0
2023-03-04T03:00:00.000Z,"1110","12",12,8,0
2023-03-04T04:00:00.000Z,"1080","12",12,8,0
2023-03-04T05:00:00.000Z,"1040","12",12,8,0
2023-03-05T00:00:00.000Z,"1020","12",12,8,4
2023-03-05T01:00:00.000Z,"1050","12",12,8,0
2023-03-05T02:00:00.000Z,"1080","12",12,8,0
2023-03-05T03:00:00.000Z,"1100","12",12,8,0
2023-03-05T04:00:00.000Z,"1110","12",12,8,0
2023-03-05T05:00:00.000Z,"1060","12",12,8,0
2023-03-05T06:00:00.000Z,"1020","12",12,8,0
2023-03-07T08:00:00.000Z,"1150","12",12,8,4
2023-03-08T06:00:00.000Z,"1040","12",12,8,4
2023-03-08T07:00:00.000Z,"1100","12",12,8,0
2023-03-08T08:00:00.000Z,"1150","12",12,8,0
2023-03-08T09:00:00.000Z,"1110","12",12,8,0
2023-03-08T10:00:00.000Z,"1050","12",12,8,0
2023-03-08T11:00:00.000Z,"1080","12",12,8,0
2023-03-08T12:00:00.000Z,"1080","12",12,8,0
2023-03-08T13:00:00.000Z,"1070","12",12,8,0
2023-03-08T14:00:00.000Z,"1070","12",12,8,0
2023-03-08T15:00:00.000Z,"1050","12",12,8,0
2023-03-09T01:00:00.000Z,"1090","12",12,8,4
2023-03-09T02:00:00.000Z,"1170","12",12,8,0
2023-03-09T03:00:00.000Z,"1270","12",12,8,0
2023-03-09T04:00:00.000Z,"1290","12",12,8,0
2023-03-09T05:00:00.000Z,"1210","12",12,8,0
2023-03-09T06:00:00.000Z,"1160","12",12,8,0
2023-03-09T07:00:00.000Z,"1070","12",12,8,0
2023-03-09T14:00:00.000Z,"1050","12",12,8,4
2023-03-09T15:00:00.000Z,"1100","12",12,8,0
2023-03-09T16:00:00.000Z,"1120","12",12,8,0
2023-03-09T17:00:00.000Z,"1070","12",12,8,0
2023-03-10T05:00:00.000Z,"1050","12",12,8,4
2023-03-10T06:00:00.000Z,"1100","12",12,8,0
2023-03-10T07:00:00.000Z,"1120","12",12,8,0
2023-03-10T08:00:00.000Z,"1130","12",12,8,0
2023-05-04T15:00:00.000Z,"1070","12",12,8,4
2023-05-04T16:00:00.000Z,"1100","12",12,8,0
2023-05-04T17:00:00.000Z,"1130","12",12,8,0
2023-05-05T14:00:00.000Z,"1100","12",12,8,4
2023-05-05T15:00:00.000Z,"1100","12",12,8,0
2023-05-05T16:00:00.000Z,"1040","12",12,8,0
2023-05-05T17:00:00.000Z,"1030","12",12,8,0
2023-05-06T01:00:00.000Z,"1030","12",12,8,4
2023-05-06T02:00:00.000Z,"1080","12",12,8,0
2023-05-06T03:00:00.000Z,"1120","12",12,8,0
2023-05-06T04:00:00.000Z,"1130","12",12,8,0
2023-05-06T05:00:00.000Z,"1130","12",12,8,0
2023-05-06T06:00:00.000Z,"1140","12",12,8,0
2023-05-06T07:00:00.000Z,"1110","12",12,8,0
2023-05-06T08:00:00.000Z,"1100","12",12,8,0
2023-05-06T09:00:00.000Z,"1120","12",12,8,0
2023-05-06T10:00:00.000Z,"1110","12",12,8,0
2023-05-06T11:00:00.000Z,"1080","12",12,8,0
2023-05-06T12:00:00.000Z,"1060","12",12,8,0
2023-05-06T13:00:00.000Z,"1040","12",12,8,0
2023-05-06T14:00:00.000Z,"1030","12",12,8,0
2023-05-06T15:00:00.000Z,"1020","12",12,8,0
2023-05-07T02:00:00.000Z,"1060","12",12,8,4
2023-05-07T03:00:00.000Z,"1130","12",12,8,0
2023-05-07T04:00:00.000Z,"1150","12",12,8,0
2023-05-07T05:00:00.000Z,"1140","12",12,8,0
2023-05-07T06:00:00.000Z,"1170","12",12,8,0
2023-05-07T07:00:00.000Z,"1230","12",12,8,0
2023-05-07T08:00:00.000Z,"1250","12",12,8,0
2023-05-07T09:00:00.000Z,"1190","12",12,8,0
2023-05-07T10:00:00.000Z,"1160","12",12,8,0
2023-05-08T21:00:00.000Z,"1050","12",12,8,4
2023-05-08T22:00:00.000Z,"1080","12",12,8,0
2023-05-08T23:00:00.000Z,"1120","12",12,8,0
2023-05-09T00:00:00.000Z,"1140","12",12,8,0
2023-05-09T01:00:00.000Z,"1130","12",12,8,0
2023-05-09T02:00:00.000Z,"1130","12",12,8,0
2023-05-09T03:00:00.000Z,"1090","12",12,8,0
2023-05-09T04:00:00.000Z,"1060","12",12,8,0
2023-05-09T05:00:00.000Z,"1040","12",12,8,0
2023-05-09T11:00:00.000Z,"1030","12",12,8,4
2023-05-09T12:00:00.000Z,"1080","12",12,8,0
2023-05-09T13:00:00.000Z,"1140","12",12,8,0
2023-05-09T14:00:00.000Z,"1210","12",12,8,0
2023-05-09T15:00:00.000Z,"1270","12",12,8,0
2023-05-09T16:00:00.000Z,"1300","12",12,8,0
2023-05-09T17:00:00.000Z,"1340","12",12,8,0
2023-05-09T18:00:00.000Z,"1280","12",12,8,0
2023-05-09T19:00:00.000Z,"1180","12",12,8,0
2023-05-10T16:00:00.000Z,"1090","12",12,8,4
2023-05-10T17:00:00.000Z,"1160","12",12,8,0
2023-05-18T12:00:00.000Z,"1060","12",12,8,4
2023-05-18T13:00:00.000Z,"1110","12",12,8,0
2023-05-18T14:00:00.000Z,"1110","12",12,8,0
2023-05-18T15:00:00.000Z,"1070","12",12,8,0
2023-05-19T07:00:00.000Z,"1040","12",12,8,4
2023-05-19T08:00:00.000Z,"1080","12",12,8,0
2023-05-19T09:00:00.000Z,"1110","12",12,8,0
2023-05-19T10:00:00.000Z,"1130","12",12,8,0
2023-05-19T11:00:00.000Z,"1120","12",12,8,0
2023-05-19T12:00:00.000Z,"1040","12",12,8,0
2023-05-20T14:00:00.000Z,"1140","12",12,8,4
2023-05-20T15:00:00.000Z,"1170","12",12,8,0
2023-05-20T16:00:00.000Z,"1140","12",12,8,0
2023-05-20T17:00:00.000Z,"1140","12",12,8,0
2023-05-20T18:00:00.000Z,"1110","12",12,8,0
2023-05-20T19:00:00.000Z,"1100","12",12,8,0
2023-05-20T20:00:00.000Z,"1080","12",12,8,0
2023-05-20T21:00:00.000Z,"1060","12",12,8,0
2023-05-20T22:00:00.000Z,"1020","12",12,8,0
2023-05-21T06:00:00.000Z,"1040","12",12,8,4
2023-05-21T07:00:00.000Z,"1080","12",12,8,0
2023-05-21T08:00:00.000Z,"1080","12",12,8,0
2023-05-21T09:00:00.000Z,"1090","12",12,8,0
2023-05-21T10:00:00.000Z,"1100","12",12,8,0
2023-05-21T11:00:00.000Z,"1100","12",12,8,0
2023-05-21T12:00:00.000Z,"1120","12",12,8,0
2023-05-21T13:00:00.000Z,"1120","12",12,8,0
2023-05-21T14:00:00.000Z,"1130","12",12,8,0
2023-05-21T15:00:00.000Z,"1130","12",12,8,0
2023-05-21T16:00:00.000Z,"1130","12",12,8,0
2023-05-21T17:00:00.000Z,"1130","12",12,8,0
2023-05-21T18:00:00.000Z,"1110","12",12,8,0
2023-05-21T19:00:00.000Z,"1080","12",12,8,0
2023-05-21T20:00:00.000Z,"1040","12",12,8,0
2023-05-22T20:00:00.000Z,"1040","12",12,8,4
2023-05-22T21:00:00.000Z,"1060","12",12,8,0
2023-05-22T22:00:00.000Z,"1100","12",12,8,0
2023-05-22T23:00:00.000Z,"1120","12",12,8,0
2023-05-23T00:00:00.000Z,"1150","12",12,8,0
2023-05-23T01:00:00.000Z,"1180","12",12,8,0
2023-05-23T02:00:00.000Z,"1180","12",12,8,0
2023-05-23T03:00:00.000Z,"1110","12",12,8,0
2023-05-23T04:00:00.000Z,"1080","12",12,8,0
2023-05-23T15:00:00.000Z,"1040","12",12,8,4
2023-05-23T16:00:00.000Z,"1070","12",12,8,0
2023-05-23T17:00:00.000Z,"1090","12",12,8,0
2023-05-24T08:00:00.000Z,"1090","12",12,8,4
2023-05-24T09:00:00.000Z,"1180","12",12,8,0
2023-05-24T10:00:00.000Z,"1090","12",12,8,0
2023-05-24T11:00:00.000Z,"1040","12",12,8,0
2023-05-25T09:00:00.000Z,"1080","12",12,8,4
2023-05-25T10:00:00.000Z,"1120","12",12,8,0
2023-05-25T11:00:00.000Z,"1040","12",12,8,0
2023-05-26T07:00:00.000Z,"1010","12",12,8,4
2023-05-26T08:00:00.000Z,"1040","12",12,8,0
2023-05-26T09:00:00.000Z,"1090","12",12,8,0
2023-05-26T10:00:00.000Z,"1130","12",12,8,0
2023-05-26T11:00:00.000Z,"1160","12",12,8,0
2023-05-26T12:00:00.000Z,"1070","12",12,8,0
2023-05-26T13:00:00.000Z,"1040","12",12,8,0
2023-05-27T06:00:00.000Z,"1040","12",12,8,4
2023-05-27T07:00:00.000Z,"1080","12",12,8,0
2023-05-27T08:00:00.000Z,"1100","12",12,8,0
2023-05-27T09:00:00.000Z,"1110","12",12,8,0
2023-05-27T10:00:00.000Z,"1070","12",12,8,0
2023-05-27T11:00:00.000Z,"1100","12",12,8,0
2023-05-28T07:00:00.000Z,"1030","12",12,8,4
2023-05-28T08:00:00.000Z,"1070","12",12,8,0
2023-05-28T09:00:00.000Z,"1200","12",12,8,0
2023-05-28T10:00:00.000Z,"1200","12",12,8,0
2023-05-28T11:00:00.000Z,"1120","12",12,8,0
2023-05-28T21:00:00.000Z,"1020","12",12,8,4
2023-05-28T22:00:00.000Z,"1040","12",12,8,0
2023-05-28T23:00:00.000Z,"1060","12",12,8,0
2023-05-29T00:00:00.000Z,"1080","12",12,8,0
2023-05-29T01:00:00.000Z,"1090","12",12,8,0
2023-05-29T02:00:00.000Z,"1080","12",12,8,0
2023-05-29T03:00:00.000Z,"1050","12",12,8,0
2023-05-29T09:00:00.000Z,"1080","12",12,8,4
2023-05-29T13:00:00.000Z,"1050","12",12,8,4
2023-05-29T14:00:00.000Z,"1060","12",12,8,0
2023-05-29T15:00:00.000Z,"1090","12",12,8,0
2023-05-30T15:00:00.000Z,"1040","12",12,8,4
2023-05-30T16:00:00.000Z,"1110","12",12,8,0
2023-05-30T17:00:00.000Z,"1130","12",12,8,0
2023-05-30T18:00:00.000Z,"1130","12",12,8,0
2023-05-30T19:00:00.000Z,"1070","12",12,8,0
2023-06-02T18:00:00.000Z,"1180","12",12,8,4
2023-06-02T19:00:00.000Z,"1220","12",12,8,0
2023-06-02T20:00:00.000Z,"1100","12",12,8,0
2023-06-04T11:00:00.000Z,"1040","12",12,8,4
2023-06-06T05:00:00.000Z,"1070","12",12,8,4
2023-06-06T06:00:00.000Z,"1100","12",12,8,0
2023-06-06T08:00:00.000Z,"1030","12",12,8,4
2023-06-07T15:00:00.000Z,"1030","12",12,8,4
2023-06-07T16:00:00.000Z,"1030","12",12,8,0
2023-06-10T17:00:00.000Z,"1030","12",12,8,4
2023-06-11T07:00:00.000Z,"1010","12",12,8,4
2023-06-11T08:00:00.000Z,"1030","12",12,8,0
2023-06-11T09:00:00.000Z,"1030","12",12,8,0
2023-06-11T10:00:00.000Z,"1040","12",12,8,0
2023-06-11T17:00:00.000Z,"1080","12",12,8,4
2023-06-11T18:00:00.000Z,"1130","12",12,8,0
2023-06-11T19:00:00.000Z,"1190","12",12,8,0
2023-06-11T20:00:00.000Z,"1180","12",12,8,0
2023-06-11T21:00:00.000Z,"1140","12",12,8,0
2023-06-12T03:00:00.000Z,"1160","12",12,8,4
2023-06-12T04:00:00.000Z,"1100","12",12,8,0
2023-06-12T14:00:00.000Z,"1030","12",12,8,4
2023-06-12T15:00:00.000Z,"1030","12",12,8,0
2023-06-12T17:00:00.000Z,"1080","12",12,8,4
2023-06-12T18:00:00.000Z,"1070","12",12,8,0
2023-06-12T19:00:00.000Z,"1060","12",12,8,0
2023-06-12T21:00:00.000Z,"1030","12",12,8,4
2023-06-13T11:00:00.000Z,"1050","12",12,8,4
2023-06-13T12:00:00.000Z,"1070","12",12,8,0
2023-06-13T13:00:00.000Z,"1070","12",12,8,0
2023-06-15T19:00:00.000Z,"1030","12",12,8,4
2023-06-18T23:00:00.000Z,"1050","12",12,8,4
2023-06-19T00:00:00.000Z,"1110","12",12,8,0
2023-06-19T01:00:00.000Z,"1150","12",12,8,0
2023-06-19T02:00:00.000Z,"1100","12",12,8,0
2023-06-19T03:00:00.000Z,"1080","12",12,8,0
2023-06-21T15:00:00.000Z,"1050","12",12,8,4
2023-06-21T22:00:00.000Z,"1050","12",12,8,4
2023-06-21T23:00:00.000Z,"1090","12",12,8,0
2023-06-22T00:00:00.000Z,"1110","12",12,8,0
2023-06-22T01:00:00.000Z,"1100","12",12,8,0
2023-06-22T02:00:00.000Z,"1050","12",12,8,0
2023-06-22T13:00:00.000Z,"1220","12",12,8,4
2023-06-22T14:00:00.000Z,"1310","12",12,8,0
2023-06-22T15:00:00.000Z,"1290","12",12,8,0
2023-06-22T16:00:00.000Z,"1230","12",12,8,0
2023-06-22T17:00:00.000Z,"1180","12",12,8,0
2023-06-22T18:00:00.000Z,"1180","12",12,8,0
2023-06-22T19:00:00.000Z,"1160","12",12,8,0
2023-06-22T20:00:00.000Z,"1120","12",12,8,0
2023-06-23T04:00:00.000Z,"1050","12",12,8,4
2023-06-23T05:00:00.000Z,"1160","12",12,8,0
2023-06-23T06:00:00.000Z,"1240","12",12,8,0
2023-06-23T07:00:00.000Z,"1190","12",12,8,0
2023-06-23T08:00:00.000Z,"1150","12",12,8,0
2023-06-23T09:00:00.000Z,"1080","12",12,8,0
2023-06-23T17:00:00.000Z,"1050","12",12,8,4
2023-06-24T06:00:00.000Z,"1130","12",12,8,4
2023-06-24T07:00:00.000Z,"1190","12",12,8,0
2023-06-24T08:00:00.000Z,"1190","12",12,8,0
2023-06-24T09:00:00.000Z,"1200","12",12,8,0
2023-06-24T10:00:00.000Z,"1210","12",12,8,0
2023-06-24T11:00:00.000Z,"1130","12",12,8,0
2023-06-26T04:00:00.000Z,"1070","12",12,8,4
2023-06-26T05:00:00.000Z,"1200","12",12,8,0
2023-06-26T06:00:00.000Z,"1150","12",12,8,0
2023-06-26T07:00:00.000Z,"1060","12",12,8,0
2023-06-27T15:00:00.000Z,"1040","12",12,8,4
2023-06-27T16:00:00.000Z,"1080","12",12,8,0
2023-06-27T17:00:00.000Z,"1060","12",12,8,0
2023-06-28T16:00:00.000Z,"1090","12",12,8,4
2023-06-28T17:00:00.000Z,"1160","12",12,8,0
2023-06-30T11:00:00.000Z,"1040","12",12,8,4
2023-06-30T12:00:00.000Z,"1020","12",12,8,0
2023-07-02T11:00:00.000Z,"1100","12",12,8,4
2023-07-02T12:00:00.000Z,"1120","12",12,8,0
2023-07-02T13:00:00.000Z,"1140","12",12,8,0
2023-07-02T14:00:00.000Z,"1060","12",12,8,0
2023-07-05T02:00:00.000Z,"1090","12",12,8,4
2023-07-06T16:00:00.000Z,"1010","12",12,8,4
2023-07-09T20:00:00.000Z,"1060","12",12,8,4
2023-07-09T21:00:00.000Z,"1080","12",12,8,0
2023-07-11T08:00:00.000Z,"1140","12",12,8,4
2023-07-11T09:00:00.000Z,"1140","12",12,8,0
2023-07-11T10:00:00.000Z,"1120","12",12,8,0
2023-07-11T11:00:00.000Z,"1090","12",12,8,0
2023-07-25T09:00:00.000Z,"1140","12",12,8,4
2023-07-25T10:00:00.000Z,"1250","12",12,8,0
2023-07-25T11:00:00.000Z,"1150","12",12,8,0
2023-07-25T12:00:00.000Z,"1070","12",12,8,0
2023-07-28T18:00:00.000Z,"1070","12",12,8,4
2023-07-28T19:00:00.000Z,"1220","12",12,8,0
2023-07-28T20:00:00.000Z,"1350","12",12,8,0
2023-07-28T21:00:00.000Z,"1300","12",12,8,0
2023-07-28T22:00:00.000Z,"1190","12",12,8,0
2023-07-28T23:00:00.000Z,"1200","12",12,8,0
2023-07-29T00:00:00.000Z,"1270","12",12,8,0
2023-07-29T01:00:00.000Z,"1320","12",12,8,0
2023-07-29T02:00:00.000Z,"1250","12",12,8,0
2023-07-29T03:00:00.000Z,"1120","12",12,8,0
2023-07-29T16:00:00.000Z,"1070","12",12,8,4
2023-07-29T17:00:00.000Z,"1070","12",12,8,0
2023-07-29T18:00:00.000Z,"1120","12",12,8,0
2023-07-29T19:00:00.000Z,"1130","12",12,8,0
2023-07-29T20:00:00.000Z,"1130","12",12,8,0
2023-07-29T21:00:00.000Z,"1130","12",12,8,0
2023-07-30T11:00:00.000Z,"1030","12",12,8,4
2023-07-30T12:00:00.000Z,"1070","12",12,8,0
2023-07-30T13:00:00.000Z,"1080","12",12,8,0
2023-07-30T14:00:00.000Z,"1090","12",12,8,0
2023-07-30T15:00:00.000Z,"1070","12",12,8,0
2023-07-31T19:00:00.000Z,"1050","12",12,8,4
2023-07-31T20:00:00.000Z,"1090","12",12,8,0
2023-07-31T21:00:00.000Z,"1170","12",12,8,0
2023-07-31T22:00:00.000Z,"1210","12",12,8,0
2023-07-31T23:00:00.000Z,"1200","12",12,8,0
2023-08-01T00:00:00.000Z,"1210","12",12,8,0
2023-08-01T01:00:00.000Z,"1180","12",12,8,0
2023-08-01T02:00:00.000Z,"1180","12",12,8,0
2023-08-01T03:00:00.000Z,"1160","12",12,8,0
2023-08-01T04:00:00.000Z,"1130","12",12,8,0
2023-08-01T05:00:00.000Z,"1050","12",12,8,0
2023-08-01T16:00:00.000Z,"1160","12",12,8,4
2023-08-01T17:00:00.000Z,"1100","12",12,8,0
2023-08-01T19:00:00.000Z,"1150","12",12,8,4
2023-08-01T20:00:00.000Z,"1160","12",12,8,0
2023-08-01T21:00:00.000Z,"1190","12",12,8,0
2023-08-01T22:00:00.000Z,"1170","12",12,8,0
2023-08-01T23:00:00.000Z,"1050","12",12,8,0
2023-08-02T04:00:00.000Z,"1100","12",12,8,4
2023-08-02T05:00:00.000Z,"1210","12",12,8,0
2023-08-02T06:00:00.000Z,"1300","12",12,8,0
2023-08-02T07:00:00.000Z,"1330","12",12,8,0
2023-08-02T08:00:00.000Z,"1350","12",16,8,0
2023-08-02T09:00:00.000Z,"1350","12",12,8,0
2023-08-02T10:00:00.000Z,"1330","12",12,8,0
2023-08-02T11:00:00.000Z,"1350","12",16,8,0
2023-08-02T12:00:00.000Z,"1350","12",16,8,0
2023-08-02T13:00:00.000Z,"1360","12",16,8,0
2023-08-02T14:00:00.000Z,"1350","12",16,8,0
2023-08-02T15:00:00.000Z,"1350","12",16,8,0
2023-08-02T16:00:00.000Z,"1340","12",12,8,0
2023-08-02T17:00:00.000Z,"1190","12",12,8,0
2023-08-02T18:00:00.000Z,"1060","12",12,8,0
2023-08-03T02:00:00.000Z,"1100","12",12,8,4
2023-08-03T03:00:00.000Z,"1110","12",12,8,0
2023-08-03T14:00:00.000Z,"1090","12",12,8,4
2023-08-03T15:00:00.000Z,"1050","12",12,8,0
2023-08-03T19:00:00.000Z,"1130","12",12,8,4
2023-08-03T20:00:00.000Z,"1300","12",12,8,0
2023-08-03T21:00:00.000Z,"1340","12",12,8,0
2023-08-03T22:00:00.000Z,"1150","12",12,8,0
2023-08-04T05:00:00.000Z,"1070","12",12,8,4
2023-08-04T06:00:00.000Z,"1100","12",12,8,0
2023-08-04T07:00:00.000Z,"1130","12",12,8,0
2023-08-04T08:00:00.000Z,"1170","12",12,8,0
2023-08-04T09:00:00.000Z,"1210","12",12,8,0
2023-08-04T10:00:00.000Z,"1250","12",12,8,0
2023-08-04T11:00:00.000Z,"1190","12",12,8,0
2023-08-04T12:00:00.000Z,"1050","12",12,8,0
2023-08-04T20:00:00.000Z,"1140","12",12,8,4
2023-08-04T21:00:00.000Z,"1240","12",12,8,0
2023-08-04T22:00:00.000Z,"1280","12",12,8,0
2023-08-04T23:00:00.000Z,"1260","12",12,8,0
2023-08-05T00:00:00.000Z,"1120","12",12,8,0
2023-08-05T06:00:00.000Z,"1110","12",12,8,4
2023-08-05T07:00:00.000Z,"1250","12",12,8,0
2023-08-05T08:00:00.000Z,"1300","12",12,8,0
2023-08-05T09:00:00.000Z,"1180","12",12,8,0
2023-08-05T10:00:00.000Z,"1130","12",12,8,0
2023-08-05T11:00:00.000Z,"1070","12",12,8,0
2023-08-05T22:00:00.000Z,"1070","12",12,8,4
2023-08-06T00:00:00.000Z,"1030","12",12,8,4
2023-08-06T02:00:00.000Z,"1040","12",12,8,4
2023-08-06T03:00:00.000Z,"1040","12",12,8,0
2023-08-06T04:00:00.000Z,"1050","12",12,8,0
2023-08-06T05:00:00.000Z,"1050","12",12,8,0
2023-08-06T06:00:00.000Z,"1070","12",12,8,0
2023-08-06T07:00:00.000Z,"1050","12",12,8,0
2023-08-06T08:00:00.000Z,"1040","12",12,8,0
2023-08-06T16:00:00.000Z,"1110","12",12,8,4
2023-08-06T17:00:00.000Z,"1180","12",12,8,0
2023-08-06T18:00:00.000Z,"1130","12",12,8,0
2023-08-07T06:00:00.000Z,"1060","12",12,8,4
2023-08-07T07:00:00.000Z,"1080","12",12,8,0
2023-08-07T08:00:00.000Z,"1100","12",12,8,0
2023-08-07T09:00:00.000Z,"1120","12",12,8,0
2023-08-07T10:00:00.000Z,"1110","12",12,8,0
2023-08-07T11:00:00.000Z,"1100","12",12,8,0
2023-08-07T12:00:00.000Z,"1090","12",12,8,0
2023-08-07T13:00:00.000Z,"1020","12",12,8,0
2023-08-09T00:00:00.000Z,"1040","12",12,8,4
2023-08-09T01:00:00.000Z,"1080","12",12,8,0
2023-08-09T02:00:00.000Z,"1090","12",12,8,0
2023-08-09T03:00:00.000Z,"1090","12",12,8,0
2023-08-09T04:00:00.000Z,"1070","12",12,8,0
2023-08-09T16:00:00.000Z,"1030","12",12,8,4
2023-08-09T17:00:00.000Z,"1010","12",12,8,0
2023-08-09T18:00:00.000Z,"1030","12",12,8,0
2023-08-09T19:00:00.000Z,"1030","12",12,8,0
2023-08-09T20:00:00.000Z,"1040","12",12,8,0
2023-08-09T21:00:00.000Z,"1040","12",12,8,0
2023-08-09T22:00:00.000Z,"1060","12",12,8,0
2023-08-09T23:00:00.000Z,"1060","12",12,8,0
2023-08-10T00:00:00.000Z,"1070","12",12,8,0
2023-08-10T01:00:00.000Z,"1070","12",12,8,0
2023-08-10T02:00:00.000Z,"1050","12",12,8,0
2023-08-10T03:00:00.000Z,"1030","12",12,8,0
2023-08-10T14:00:00.000Z,"1020","12",12,8,4
2023-08-10T22:00:00.000Z,"1150","12",12,8,4
2023-08-10T23:00:00.000Z,"1190","12",12,8,0
2023-08-11T00:00:00.000Z,"1260","12",12,8,0
2023-08-11T01:00:00.000Z,"1300","12",12,8,0
2023-08-11T02:00:00.000Z,"1270","12",12,8,0
2023-08-11T03:00:00.000Z,"1140","12",12,8,0
2023-08-11T04:00:00.000Z,"1090","12",12,8,0
2023-08-11T05:00:00.000Z,"1030","12",12,8,0
2023-08-11T14:00:00.000Z,"1050","12",12,8,4
2023-08-11T15:00:00.000Z,"1090","12",12,8,0
2023-08-11T16:00:00.000Z,"1100","12",12,8,0
2023-08-11T17:00:00.000Z,"1130","12",12,8,0
2023-08-11T18:00:00.000Z,"1060","12",12,8,0
2023-08-11T19:00:00.000Z,"1080","12",12,8,0
2023-08-11T20:00:00.000Z,"1090","12",12,8,0
2023-08-11T21:00:00.000Z,"1070","12",12,8,0
2023-08-12T04:00:00.000Z,"1070","12",12,8,4
2023-08-12T05:00:00.000Z,"1170","12",12,8,0
2023-08-12T06:00:00.000Z,"1280","12",12,8,0
2023-08-12T07:00:00.000Z,"1340","12",12,8,0
2023-08-12T08:00:00.000Z,"1350","12",16,8,0
2023-08-12T09:00:00.000Z,"1350","12",16,8,0
2023-08-12T10:00:00.000Z,"1350","12",16,8,0
2023-08-12T11:00:00.000Z,"1310","12",12,8,0
2023-08-12T12:00:00.000Z,"1220","12",12,8,0
2023-08-12T13:00:00.000Z,"1130","12",12,8,0
2023-08-13T03:00:00.000Z,"1100","12",12,8,4
2023-08-13T04:00:00.000Z,"1030","12",12,8,0
2023-08-13T05:00:00.000Z,"1030","12",12,8,0
2023-08-14T02:00:00.000Z,"1020","12",12,8,4
2023-08-14T03:00:00.000Z,"1040","12",12,8,0
2023-08-14T04:00:00.000Z,"1050","12",12,8,0
2023-08-14T05:00:00.000Z,"1040","12",12,8,0
2023-08-14T06:00:00.000Z,"1030","12",12,8,0
2023-08-14T07:00:00.000Z,"1010","12",12,8,0
2023-08-14T09:00:00.000Z,"1020","12",12,8,4
2023-08-15T21:00:00.000Z,"1050","12",12,8,4
2023-08-15T22:00:00.000Z,"1040","12",12,8,0
2023-08-15T23:00:00.000Z,"1040","12",12,8,0
2023-08-16T00:00:00.000Z,"1030","12",12,8,0
2023-08-16T07:00:00.000Z,"1040","12",12,8,4
2023-08-16T21:00:00.000Z,"1050","12",12,8,4
2023-08-16T22:00:00.000Z,"1090","12",12,8,0
2023-08-16T23:00:00.000Z,"1110","12",12,8,0
2023-08-17T00:00:00.000Z,"1100","12",12,8,0
2023-08-17T01:00:00.000Z,"1060","12",12,8,0
2023-08-19T09:00:00.000Z,"1090","12",12,8,4
2023-08-19T10:00:00.000Z,"1180","12",12,8,0
2023-08-19T11:00:00.000Z,"1270","12",12,8,0
2023-08-19T12:00:00.000Z,"1150","12",12,8,0
2023-08-19T23:00:00.000Z,"1090","12",12,8,4
2023-08-20T00:00:00.000Z,"1130","12",12,8,0
2023-08-20T01:00:00.000Z,"1170","12",12,8,0
2023-08-20T02:00:00.000Z,"1210","12",12,8,0
2023-08-20T03:00:00.000Z,"1230","12",12,8,0
2023-08-20T04:00:00.000Z,"1210","12",12,8,0
2023-08-20T05:00:00.000Z,"1160","12",12,8,0
2023-08-20T06:00:00.000Z,"1120","12",12,8,0
2023-08-20T07:00:00.000Z,"1100","12",12,8,0
2023-08-20T08:00:00.000Z,"1070","12",12,8,0
2023-08-20T09:00:00.000Z,"1050","12",12,8,0
2023-08-20T10:00:00.000Z,"1020","12",12,8,0
2023-08-20T22:00:00.000Z,"1030","12",12,8,4
2023-08-20T23:00:00.000Z,"1060","12",12,8,0
2023-08-21T00:00:00.000Z,"1080","12",12,8,0
2023-08-21T01:00:00.000Z,"1090","12",12,8,0
2023-08-21T02:00:00.000Z,"1100","12",12,8,0
2023-08-21T03:00:00.000Z,"1090","12",12,8,0
2023-08-21T04:00:00.000Z,"1080","12",12,8,0
2023-08-21T05:00:00.000Z,"1070","12",12,8,0
2023-08-21T06:00:00.000Z,"1050","12",12,8,0
2023-08-21T07:00:00.000Z,"1050","12",12,8,0
2023-08-21T08:00:00.000Z,"1020","12",12,8,0
2023-08-21T21:00:00.000Z,"1020","12",12,8,4
2023-08-21T22:00:00.000Z,"1020","12",12,8,0
2023-08-21T23:00:00.000Z,"1030","12",12,8,0
2023-08-22T01:00:00.000Z,"1020","12",12,8,4
2023-08-22T02:00:00.000Z,"1010","12",12,8,0
2023-08-22T18:00:00.000Z,"1020","12",12,8,4
2023-08-22T19:00:00.000Z,"1020","12",12,8,0
2023-08-23T06:00:00.000Z,"1070","12",12,8,4
2023-08-23T07:00:00.000Z,"1130","12",12,8,0
2023-08-23T14:00:00.000Z,"1210","12",12,8,4
2023-08-23T15:00:00.000Z,"1320","12",12,8,0
2023-08-23T16:00:00.000Z,"1270","12",12,8,0
2023-08-23T17:00:00.000Z,"1320","12",12,8,0
2023-08-23T18:00:00.000Z,"1340","12",12,8,0
2023-08-23T19:00:00.000Z,"1170","12",12,8,0
2023-08-24T15:00:00.000Z,"1150","12",12,8,4
2023-08-24T16:00:00.000Z,"1200","12",12,8,0
2023-08-24T17:00:00.000Z,"1170","12",12,8,0
2023-08-24T18:00:00.000Z,"1070","12",12,8,0
2023-08-24T23:00:00.000Z,"1070","12",12,8,4
2023-08-25T00:00:00.000Z,"1120","12",12,8,0
2023-08-25T01:00:00.000Z,"1160","12",12,8,0
2023-08-25T02:00:00.000Z,"1080","12",12,8,0
2023-08-25T15:00:00.000Z,"1160","12",12,8,4
2023-08-25T16:00:00.000Z,"1230","12",12,8,0
2023-08-25T17:00:00.000Z,"1150","12",12,8,0
2023-08-26T03:00:00.000Z,"1050","12",12,8,4
2023-08-26T04:00:00.000Z,"1090","12",12,8,0
2023-08-26T05:00:00.000Z,"1100","12",12,8,0
2023-08-26T06:00:00.000Z,"1110","12",12,8,0
2023-08-26T07:00:00.000Z,"1090","12",12,8,0
2023-08-26T08:00:00.000Z,"1080","12",12,8,0
2023-08-26T09:00:00.000Z,"1080","12",12,8,0
2023-08-26T10:00:00.000Z,"1070","12",12,8,0
2023-08-26T11:00:00.000Z,"1060","12",12,8,0
2023-08-26T12:00:00.000Z,"1040","12",12,8,0
2023-08-26T13:00:00.000Z,"1030","12",12,8,0
2023-08-26T14:00:00.000Z,"1060","12",12,8,0
2023-08-26T15:00:00.000Z,"1060","12",12,8,0
2023-08-26T16:00:00.000Z,"1080","12",12,8,0
2023-08-26T17:00:00.000Z,"1090","12",12,8,0
2023-08-26T18:00:00.000Z,"1060","12",12,8,0
2023-08-26T19:00:00.000Z,"1050","12",12,8,0
2023-08-26T20:00:00.000Z,"1030","12",12,8,0
2023-08-27T18:00:00.000Z,"1040","12",12,8,4
2023-08-27T19:00:00.000Z,"1060","12",12,8,0
2023-08-27T20:00:00.000Z,"1060","12",12,8,0
2023-08-27T21:00:00.000Z,"1080","12",12,8,0
2023-08-27T22:00:00.000Z,"1100","12",12,8,0
2023-08-27T23:00:00.000Z,"1110","12",12,8,0
2023-08-28T00:00:00.000Z,"1120","12",12,8,0
2023-08-28T01:00:00.000Z,"1130","12",12,8,0
2023-08-28T02:00:00.000Z,"1130","12",12,8,0
2023-08-28T03:00:00.000Z,"1150","12",12,8,0
2023-08-28T04:00:00.000Z,"1160","12",12,8,0
2023-08-28T05:00:00.000Z,"1170","12",12,8,0
2023-08-28T06:00:00.000Z,"1180","12",12,8,0
2023-08-28T07:00:00.000Z,"1180","12",12,8,0
2023-08-28T08:00:00.000Z,"1160","12",12,8,0
2023-08-28T09:00:00.000Z,"1130","12",12,8,0
2023-08-31T00:00:00.000Z,"1030","12",12,8,4
2023-08-31T01:00:00.000Z,"1030","12",12,8,0
2023-08-31T02:00:00.000Z,"1050","12",12,8,0
2023-08-31T03:00:00.000Z,"1060","12",12,8,0
2023-08-31T04:00:00.000Z,"1040","12",12,8,0
2023-08-31T05:00:00.000Z,"1030","12",12,8,0
2023-08-31T06:00:00.000Z,"1040","12",12,8,0
2023-08-31T07:00:00.000Z,"1040","12",12,8,0
2023-08-31T08:00:00.000Z,"1120","12",12,8,0
2023-09-01T03:00:00.000Z,"1020","12",12,8,4
2023-09-01T04:00:00.000Z,"1040","12",12,8,0
2023-09-01T05:00:00.000Z,"1060","12",12,8,0
2023-09-01T06:00:00.000Z,"1060","12",12,8,0
2023-09-01T07:00:00.000Z,"1060","12",12,8,0
2023-09-01T22:00:00.000Z,"1020","12",12,8,4
2023-09-01T23:00:00.000Z,"1020","12",12,8,0
2023-09-02T00:00:00.000Z,"1020","12",12,8,0
2023-09-02T01:00:00.000Z,"1030","12",12,8,0
2023-09-02T02:00:00.000Z,"1030","12",12,8,0
2023-09-02T03:00:00.000Z,"1040","12",12,8,0
2023-09-02T04:00:00.000Z,"1050","12",12,8,0
2023-09-02T05:00:00.000Z,"1050","12",12,8,0
2023-09-02T06:00:00.000Z,"1040","12",12,8,0
2023-09-02T07:00:00.000Z,"1060","12",12,8,0
2023-09-02T08:00:00.000Z,"1060","12",12,8,0
2023-09-02T09:00:00.000Z,"1050","12",12,8,0
2023-09-02T10:00:00.000Z,"1030","12",12,8,0
2023-09-02T11:00:00.000Z,"1020","12",12,8,0
2023-09-02T12:00:00.000Z,"1040","12",12,8,0
2023-09-02T13:00:00.000Z,"1120","12",12,8,0
2023-09-02T14:00:00.000Z,"1140","12",12,8,0
2023-09-02T15:00:00.000Z,"1150","12",12,8,0
2023-09-02T16:00:00.000Z,"1080","12",12,8,0
2023-09-02T17:00:00.000Z,"1040","12",12,8,0
2023-09-03T14:00:00.000Z,"1050","12",12,8,4
2023-09-03T15:00:00.000Z,"1080","12",12,8,0
2023-09-03T16:00:00.000Z,"1090","12",12,8,0
2023-09-03T17:00:00.000Z,"1130","12",12,8,0
2023-09-03T18:00:00.000Z,"1150","12",12,8,0
2023-09-03T19:00:00.000Z,"1210","12",12,8,0
2023-09-03T20:00:00.000Z,"1240","12",12,8,0
2023-09-03T21:00:00.000Z,"1270","12",12,8,0
2023-09-03T22:00:00.000Z,"1290","12",12,8,0
2023-09-03T23:00:00.000Z,"1300","12",12,8,0
2023-09-04T00:00:00.000Z,"1280","12",12,8,0
2023-09-04T01:00:00.000Z,"1280","12",12,8,0
2023-09-04T02:00:00.000Z,"1260","12",12,8,0
2023-09-04T03:00:00.000Z,"1230","12",12,8,0
2023-09-04T04:00:00.000Z,"1170","12",12,8,0
2023-09-04T05:00:00.000Z,"1060","12",12,8,0
2023-09-05T20:00:00.000Z,"1160","12",12,8,4
2023-09-05T21:00:00.000Z,"1240","12",12,8,0
2023-09-05T22:00:00.000Z,"1260","12",12,8,0
2023-09-05T23:00:00.000Z,"1250","12",12,8,0
2023-09-06T00:00:00.000Z,"1260","12",12,8,0
2023-09-06T01:00:00.000Z,"1240","12",12,8,0
2023-09-06T02:00:00.000Z,"1200","12",12,8,0
2023-09-06T03:00:00.000Z,"1190","12",12,8,0
2023-09-06T04:00:00.000Z,"1150","12",12,8,0
2023-09-06T05:00:00.000Z,"1110","12",12,8,0
2023-09-06T06:00:00.000Z,"1100","12",12,8,0
2023-09-07T00:00:00.000Z,"1040","12",12,8,4
2023-09-07T01:00:00.000Z,"1040","12",12,8,0
2023-09-07T02:00:00.000Z,"1040","12",12,8,0
2023-09-07T15:00:00.000Z,"1160","12",12,8,4
2023-09-07T16:00:00.000Z,"1200","12",12,8,0
2023-09-07T17:00:00.000Z,"1100","12",12,8,0
2023-09-08T14:00:00.000Z,"1030","12",12,8,4
2023-09-08T15:00:00.000Z,"1030","12",12,8,0
2023-09-08T16:00:00.000Z,"1050","12",12,8,0
2023-09-08T17:00:00.000Z,"1080","12",12,8,0
2023-09-08T18:00:00.000Z,"1080","12",12,8,0
2023-09-08T19:00:00.000Z,"1100","12",12,8,0
2023-09-08T20:00:00.000Z,"1100","12",12,8,0
2023-09-08T21:00:00.000Z,"1130","12",12,8,0
2023-09-08T22:00:00.000Z,"1130","12",12,8,0
2023-09-08T23:00:00.000Z,"1140","12",12,8,0
2023-09-09T00:00:00.000Z,"1140","12",12,8,0
2023-09-09T01:00:00.000Z,"1180","12",12,8,0
2023-09-09T02:00:00.000Z,"1190","12",12,8,0
2023-09-09T03:00:00.000Z,"1180","12",12,8,0
2023-09-09T04:00:00.000Z,"1160","12",12,8,0
2023-09-09T05:00:00.000Z,"1130","12",12,8,0
2023-09-09T06:00:00.000Z,"1130","12",12,8,0
2023-09-09T07:00:00.000Z,"1110","12",12,8,0
2023-09-09T08:00:00.000Z,"1080","12",12,8,0
2023-09-09T09:00:00.000Z,"1070","12",12,8,0
2023-09-09T10:00:00.000Z,"1050","12",12,8,0
2023-09-09T11:00:00.000Z,"1050","12",12,8,0
2023-09-09T12:00:00.000Z,"1020","12",12,8,0
2023-09-11T19:00:00.000Z,"1090","12",12,8,4
2023-09-12T13:00:00.000Z,"1150","12",12,8,4
2023-09-12T14:00:00.000Z,"1320","12",12,8,0
2023-09-12T15:00:00.000Z,"1290","12",12,8,0
2023-09-12T16:00:00.000Z,"1250","12",12,8,0
2023-09-12T17:00:00.000Z,"1190","12",12,8,0
2023-09-12T18:00:00.000Z,"1150","12",12,8,0
2023-09-13T02:00:00.000Z,"1080","12",12,8,4
2023-09-13T03:00:00.000Z,"1160","12",12,8,0
2023-09-13T17:00:00.000Z,"1070","12",12,8,4
2023-09-13T18:00:00.000Z,"1090","12",12,8,0
2023-09-13T19:00:00.000Z,"1050","12",12,8,0
2023-09-15T17:00:00.000Z,"1040","12",12,8,4
2023-09-15T21:00:00.000Z,"1020","12",12,8,4
2023-09-15T22:00:00.000Z,"1020","12",12,8,0
2023-09-16T01:00:00.000Z,"1040","12",12,8,4
2023-09-16T02:00:00.000Z,"1030","12",12,8,0
2023-09-16T03:00:00.000Z,"1020","12",12,8,0
2023-09-16T19:00:00.000Z,"1010","12",12,8,4
2023-09-16T20:00:00.000Z,"1040","12",12,8,0
2023-09-16T21:00:00.000Z,"1060","12",12,8,0
2023-09-16T22:00:00.000Z,"1080","12",12,8,0
2023-09-16T23:00:00.000Z,"1090","12",12,8,0
2023-09-17T00:00:00.000Z,"1080","12",12,8,0
2023-09-17T01:00:00.000Z,"1100","12",12,8,0
2023-09-17T02:00:00.000Z,"1100","12",12,8,0
2023-09-17T03:00:00.000Z,"1110","12",12,8,0
2023-09-17T04:00:00.000Z,"1080","12",12,8,0
2023-09-17T05:00:00.000Z,"1050","12",12,8,0
2023-09-17T22:00:00.000Z,"1110","12",12,8,4
2023-09-17T23:00:00.000Z,"1140","12",12,8,0
2023-09-18T00:00:00.000Z,"1190","12",12,8,0
2023-09-18T01:00:00.000Z,"1230","12",12,8,0
2023-09-18T02:00:00.000Z,"1290","12",12,8,0
2023-09-18T03:00:00.000Z,"1300","12",12,8,0
2023-09-18T04:00:00.000Z,"1210","12",12,8,0
2023-09-18T05:00:00.000Z,"1170","12",12,8,0
2023-09-18T06:00:00.000Z,"1130","12",12,8,0
2023-09-18T18:00:00.000Z,"1050","12",12,8,4
2023-09-18T19:00:00.000Z,"1050","12",12,8,0
2023-09-19T09:00:00.000Z,"1030","12",12,8,4
2023-09-19T10:00:00.000Z,"1070","12",12,8,0
2023-09-21T10:00:00.000Z,"1100","12",12,8,4
2023-09-21T11:00:00.000Z,"1090","12",12,8,0
2023-09-21T12:00:00.000Z,"1090","12",12,8,0
2023-09-21T13:00:00.000Z,"1120","12",12,8,0
2023-09-21T14:00:00.000Z,"1190","12",12,8,0
2023-09-21T15:00:00.000Z,"1320","12",12,8,0
2023-09-21T16:00:00.000Z,"1350","12",16,8,0
2023-09-21T17:00:00.000Z,"1350","12",16,8,0
2023-09-21T18:00:00.000Z,"1260","12",12,8,0
2023-09-22T06:00:00.000Z,"1110","12",12,8,4
2023-09-22T07:00:00.000Z,"1220","12",12,8,0
2023-09-22T16:00:00.000Z,"1140","12",12,8,4
2023-09-22T17:00:00.000Z,"1300","12",12,8,0
2023-09-22T18:00:00.000Z,"1240","12",12,8,0
2023-09-23T01:00:00.000Z,"1090","12",12,8,4
2023-09-23T02:00:00.000Z,"1190","12",12,8,0
2023-09-23T03:00:00.000Z,"1270","12",12,8,0
2023-09-23T18:00:00.000Z,"1080","12",12,8,4
2023-09-23T19:00:00.000Z,"1080","12",12,8,0
2023-09-23T20:00:00.000Z,"1030","12",12,8,0
2023-09-23T21:00:00.000Z,"1020","12",12,8,0
2023-09-23T22:00:00.000Z,"1020","12",12,8,0
2023-09-24T17:00:00.000Z,"1170","12",12,8,4
2023-09-26T12:00:00.000Z,"1090","12",12,8,4
2023-09-26T20:00:00.000Z,"1110","12",12,8,4
2023-09-26T21:00:00.000Z,"1200","12",12,8,0
2023-09-26T22:00:00.000Z,"1150","12",12,8,0
2023-09-26T23:00:00.000Z,"1050","12",12,8,0
2023-09-28T02:00:00.000Z,"1080","12",12,8,4
2023-09-28T03:00:00.000Z,"1110","12",12,8,0
2023-09-28T04:00:00.000Z,"1070","12",12,8,0
2023-10-02T15:00:00.000Z,"1060","12",12,8,4
2023-10-02T16:00:00.000Z,"1110","12",12,8,0
2023-10-02T17:00:00.000Z,"1090","12",12,8,0
2023-10-03T17:00:00.000Z,"1050","12",12,8,4
2023-10-03T18:00:00.000Z,"1070","12",12,8,0
2023-10-04T20:00:00.000Z,"1060","12",12,8,4
2023-10-04T21:00:00.000Z,"1070","12",12,8,0
2023-10-04T22:00:00.000Z,"1090","12",12,8,0
2023-10-04T23:00:00.000Z,"1090","12",12,8,0
2023-10-05T00:00:00.000Z,"1060","12",12,8,0
2023-10-05T01:00:00.000Z,"1050","12",12,8,0
2023-10-05T02:00:00.000Z,"1050","12",12,8,0
2023-10-05T03:00:00.000Z,"1060","12",12,8,0
2023-10-05T04:00:00.000Z,"1050","12",12,8,0
2023-10-05T05:00:00.000Z,"1040","12",12,8,0
2023-10-05T06:00:00.000Z,"1030","12",12,8,0
2023-10-05T08:00:00.000Z,"1030","12",12,8,4
2023-10-21T13:00:00.000Z,"1040","12",12,8,4
2023-10-23T19:00:00.000Z,"1090","12",12,8,4
2023-10-23T20:00:00.000Z,"1100","12",12,8,0
2023-10-23T22:00:00.000Z,"1040","12",12,8,4
2023-10-23T23:00:00.000Z,"1100","12",12,8,0
2023-10-24T00:00:00.000Z,"1090","12",12,8,0
2023-10-24T02:00:00.000Z,"1070","12",12,8,4
2023-10-24T03:00:00.000Z,"1120","12",12,8,0
2023-10-24T04:00:00.000Z,"1120","12",12,8,0
2023-10-25T01:00:00.000Z,"1050","12",12,8,4
2023-10-26T16:00:00.000Z,"1070","12",12,8,4
2023-10-26T17:00:00.000Z,"1140","12",12,8,0
2023-10-26T18:00:00.000Z,"1200","12",12,8,0
2023-10-26T19:00:00.000Z,"1170","12",12,8,0
2023-10-26T20:00:00.000Z,"1080","12",12,8,0
2023-10-27T04:00:00.000Z,"1070","12",12,8,4
2023-10-27T05:00:00.000Z,"1100","12",12,8,0
2023-10-27T06:00:00.000Z,"1080","12",12,8,0
2023-10-27T07:00:00.000Z,"1080","12",12,8,0
2023-10-27T08:00:00.000Z,"1100","12",12,8,0
2023-10-27T09:00:00.000Z,"1090","12",12,8,0
2023-10-28T10:00:00.000Z,"1070","12",12,8,4
2023-10-28T20:00:00.000Z,"1040","12",12,8,4
2023-10-28T21:00:00.000Z,"1110","12",12,8,0
2023-10-28T22:00:00.000Z,"1210","12",12,8,0
2023-10-28T23:00:00.000Z,"1300","12",12,8,0
2023-10-29T00:00:00.000Z,"1250","12",12,8,0
2023-10-29T01:00:00.000Z,"1230","12",12,8,0
2023-10-29T02:00:00.000Z,"1250","12",12,8,0
2023-10-29T03:00:00.000Z,"1230","12",12,8,0
2023-10-29T04:00:00.000Z,"1240","12",12,8,0
2023-10-29T05:00:00.000Z,"1160","12",12,8,0
2024-02-29T08:00:00.000Z,"1070","12",12,8,4
2024-02-29T09:00:00.000Z,"1070","12",12,8,0
2024-02-29T10:00:00.000Z,"1090","12",12,8,0
2024-02-29T11:00:00.000Z,"1120","12",12,8,0
2024-02-29T12:00:00.000Z,"1140","12",12,8,0
2024-02-29T13:00:00.000Z,"1190","12",12,8,0
2024-02-29T14:00:00.000Z,"1200","12",12,8,0
2024-02-29T15:00:00.000Z,"1260","12",12,8,0
2024-02-29T16:00:00.000Z,"1290","12",12,8,0
2024-02-29T17:00:00.000Z,"1310","12",12,8,0
2024-02-29T18:00:00.000Z,"1330","12",12,8,0
2024-02-29T19:00:00.000Z,"1340","12",12,8,0
2024-02-29T20:00:00.000Z,"1350","12",16,8,0
2024-02-29T21:00:00.000Z,"1350","12",16,8,0
2024-02-29T22:00:00.000Z,"1350","12",16,8,0
2024-02-29T23:00:00.000Z,"1360","12",16,8,0
2024-03-01T00:00:00.000Z,"1360","12",16,8,0
2024-03-01T01:00:00.000Z,"1360","12",16,8,0
2024-03-01T02:00:00.000Z,"1360","12",16,8,0
2024-03-01T03:00:00.000Z,"1370","12",16,8,0
2024-03-01T04:00:00.000Z,"1370","12",16,8,0
2024-03-01T05:00:00.000Z,"1370","12",16,8,0
2024-03-01T06:00:00.000Z,"1380","12",16,8,0
2024-03-01T07:00:00.000Z,"1380","12",16,8,0
2024-03-01T08:00:00.000Z,"1380","12",16,8,0
2024-03-01T09:00:00.000Z,"1380","12",16,8,0
2024-03-01T10:00:00.000Z,"1380","12",16,8,0
2024-03-01T11:00:00.000Z,"1380","12",16,8,0
2024-03-01T12:00:00.000Z,"1390","12",16,8,0
2024-03-01T13:00:00.000Z,"1390","12",16,8,0
2024-03-01T14:00:00.000Z,"1390","12",16,8,0
2024-03-01T15:00:00.000Z,"1390","12",16,8,0
2024-03-01T16:00:00.000Z,"1390","12",16,8,0
2024-03-01T17:00:00.000Z,"1390","12",16,8,0
2024-03-01T18:00:00.000Z,"1400","12",16,8,0
2024-03-01T19:00:00.000Z,"1400","12",16,8,0
2024-03-01T20:00:00.000Z,"1400","12",16,8,0
2024-03-01T21:00:00.000Z,"1400","12",16,8,0
2024-03-01T22:00:00.000Z,"1400","12",16,8,0
2024-03-01T23:00:00.000Z,"1400","12",16,8,0
2024-03-02T00:00:00.000Z,"1410","12",16,8,0
2024-03-02T01:00:00.000Z,"1410","12",16,8,0
2024-03-02T02:00:00.000Z,"1410","12",16,8,0
2024-03-02T03:00:00.000Z,"1420","12",16,8,0
2024-03-02T04:00:00.000Z,"1420","12",16,8,0
2024-03-02T05:00:00.000Z,"1420","12",16,8,0
2024-03-02T06:00:00.000Z,"1420","12",16,8,0
2024-03-02T07:00:00.000Z,"1420","12",16,8,0
2024-03-02T08:00:00.000Z,"1420","12",16,8,0
2024-03-02T09:00:00.000Z,"1420","12",16,8,0
2024-03-02T10:00:00.000Z,"1420","12",16,8,0
2024-03-02T11:00:00.000Z,"1410","12",16,8,0
2024-03-02T12:00:00.000Z,"1410","12",16,8,0
2024-03-02T13:00:00.000Z,"1420","12",16,8,0
2024-03-02T14:00:00.000Z,"1420","12",16,8,0
2024-03-02T15:00:00.000Z,"1420","12",16,8,0
2024-03-02T16:00:00.000Z,"1420","12",16,8,0
2024-03-02T17:00:00.000Z,"1420","12",16,8,0
2024-03-02T18:00:00.000Z,"1420","12",16,8,0
2024-03-02T19:00:00.000Z,"1420","12",16,8,0
2024-03-02T20:00:00.000Z,"1430","12",16,8,0
2024-03-02T21:00:00.000Z,"1430","12",16,8,0
2024-03-02T22:00:00.000Z,"1430","12",16,8,0
2024-03-02T23:00:00.000Z,"1440","12",16,8,0
2024-03-03T00:00:00.000Z,"1440","12",16,8,0
2024-03-03T01:00:00.000Z,"1440","12",16,8,0
2024-03-03T02:00:00.000Z,"1450","12",16,8,0
2024-03-03T03:00:00.000Z,"1450","12",16,8,0
2024-03-03T04:00:00.000Z,"1450","12",16,8,0
2024-03-03T05:00:00.000Z,"1450","12",16,8,0
2024-03-03T06:00:00.000Z,"1450","12",16,8,0
2024-03-03T07:00:00.000Z,"1450","12",16,8,0
2024-03-03T08:00:00.000Z,"1460","12",16,8,0
2024-03-03T09:00:00.000Z,"1460","12",16,8,0
2024-03-03T10:00:00.000Z,"1460","12",16,8,0
2024-03-03T11:00:00.000Z,"1460","12",16,8,0
2024-03-03T12:00:00.000Z,"1460","12",16,8,0
2024-03-03T13:00:00.000Z,"1460","12",16,8,0
2024-03-03T14:00:00.000Z,"1460","12",16,8,0
2024-03-03T15:00:00.000Z,"1460","12",16,8,0
2024-03-03T16:00:00.000Z,"1460","12",16,8,0
2024-03-03T17:00:00.000Z,"1460","12",16,8,0
2024-03-03T18:00:00.000Z,"1460","12",16,8,0
2024-03-03T19:00:00.000Z,"1450","12",16,8,0
2024-03-03T20:00:00.000Z,"1450","12",16,8,0
2024-03-03T21:00:00.000Z,"1450","12",16,8,0
2024-03-03T22:00:00.000Z,"1450","12",16,8,0
2024-03-03T23:00:00.000Z,"1450","12",16,8,0
2024-03-04T00:00:00.000Z,"1450","12",16,8,0
2024-03-04T01:00:00.000Z,"1450","12",16,8,0
2024-03-04T02:00:00.000Z,"1450","12",16,8,0
2024-03-04T03:00:00.000Z,"1450","12",16,8,0
2024-03-04T04:00:00.000Z,"1450","12",16,8,0
2024-03-04T05:00:00.000Z,"1440","12",16,8,0
2024-03-04T06:00:00.000Z,"1440","12",16,8,0
2024-03-04T07:00:00.000Z,"1440","12",16,8,0
2024-03-04T08:00:00.000Z,"1440","12",16,8,0
2024-03-04T09:00:00.000Z,"1440","12",16,8,0
2024-03-04T10:00:00.000Z,"1440","12",16,8,0
2024-03-04T11:00:00.000Z,"1440","12",16,8,0
2024-03-04T12:00:00.000Z,"1440","12",16,8,0
2024-03-04T13:00:00.000Z,"1440","12",16,8,0
2024-03-04T14:00:00.000Z,"1440","12",16,8,0
2024-03-04T15:00:00.000Z,"1430","12",16,8,0
2024-03-04T16:00:00.000Z,"1430","12",16,8,0
2024-03-04T17:00:00.000Z,"1430","12",16,8,0
2024-03-04T18:00:00.000Z,"1430","12",16,8,0
2024-03-04T19:00:00.000Z,"1430","12",16,8,0
2024-03-04T20:00:00.000Z,"1430","12",16,8,0
2024-03-04T21:00:00.000Z,"1430","12",16,8,0
2024-03-04T22:00:00.000Z,"1430","12",16,8,0
2024-03-04T23:00:00.000Z,"1430","12",16,8,0
2024-03-05T00:00:00.000Z,"1430","12",16,8,0
2024-03-05T01:00:00.000Z,"1440","12",16,8,0
2024-03-05T02:00:00.000Z,"1440","12",16,8,0
2024-03-05T03:00:00.000Z,"1440","12",16,8,0
2024-03-05T04:00:00.000Z,"1440","12",16,8,0
2024-03-05T05:00:00.000Z,"1440","12",16,8,0
2024-03-05T06:00:00.000Z,"1440","12",16,8,0
2024-03-05T07:00:00.000Z,"1440","12",16,8,0
2024-03-05T08:00:00.000Z,"1440","12",16,8,0
2024-03-05T09:00:00.000Z,"1440","12",16,8,0
2024-03-05T10:00:00.000Z,"1440","12",16,8,0
2024-03-05T11:00:00.000Z,"1450","12",16,8,0
2024-03-05T12:00:00.000Z,"1450","12",16,8,0
2024-03-05T13:00:00.000Z,"1450","12",16,8,0
2024-03-05T14:00:00.000Z,"1450","12",16,8,0
2024-03-05T15:00:00.000Z,"1450","12",16,8,0
2024-03-05T16:00:00.000Z,"1450","12",16,8,0
2024-03-05T17:00:00.000Z,"1450","12",16,8,0
2024-03-05T18:00:00.000Z,"1460","12",16,8,0
2024-03-05T19:00:00.000Z,"1460","12",16,8,0
2024-03-05T20:00:00.000Z,"1460","12",16,8,0
2024-03-05T21:00:00.000Z,"1460","12",16,8,0
2024-03-05T22:00:00.000Z,"1460","12",16,8,0
2024-03-05T23:00:00.000Z,"1460","12",16,8,0
2024-03-06T00:00:00.000Z,"1460","12",16,8,0
2024-03-06T01:00:00.000Z,"1470","12",16,8,0
2024-03-06T02:00:00.000Z,"1470","12",16,8,0
2024-03-06T03:00:00.000Z,"1470","12",16,8,0
2024-03-06T04:00:00.000Z,"1470","12",16,8,0
2024-03-06T05:00:00.000Z,"1470","12",16,8,0
2024-03-06T06:00:00.000Z,"1470","12",16,8,0
2024-03-06T07:00:00.000Z,"1470","12",16,8,0
2024-03-06T08:00:00.000Z,"1470","12",16,8,0
2024-03-06T09:00:00.000Z,"1470","12",16,8,0
2024-03-06T10:00:00.000Z,"1470","12",16,8,0
2024-03-06T11:00:00.000Z,"1470","12",16,8,0
2024-03-06T12:00:00.000Z,"1470","12",16,8,0
2024-03-06T13:00:00.000Z,"1470","12",16,8,0
2024-03-06T14:00:00.000Z,"1470","12",16,8,0
2024-03-06T15:00:00.000Z,"1470","12",16,8,0
2024-03-06T16:00:00.000Z,"1470","12",16,8,0
2024-03-06T17:00:00.000Z,"1470","12",16,8,0
2024-03-06T18:00:00.000Z,"1470","12",16,8,0
2024-03-06T19:00:00.000Z,"1470","12",16,8,0
2024-03-06T20:00:00.000Z,"1470","12",16,8,0
2024-03-06T21:00:00.000Z,"1460","12",16,8,0
2024-03-06T22:00:00.000Z,"1460","12",16,8,0
2024-03-06T23:00:00.000Z,"1460","12",16,8,0
2024-03-07T00:00:00.000Z,"1460","12",16,8,0
2024-03-07T01:00:00.000Z,"1460","12",16,8,0
2024-03-07T02:00:00.000Z,"1460","12",16,8,0
2024-03-07T03:00:00.000Z,"1460","12",16,8,0
2024-03-07T04:00:00.000Z,"1450","12",16,8,0
2024-03-07T05:00:00.000Z,"1450","12",16,8,0
2024-03-07T06:00:00.000Z,"1450","12",16,8,0
2024-03-07T07:00:00.000Z,"1440","12",16,8,0
2024-03-07T08:00:00.000Z,"1440","12",16,8,0
2024-03-07T09:00:00.000Z,"1440","12",16,8,0
2024-03-07T10:00:00.000Z,"1440","12",16,8,0
2024-03-07T11:00:00.000Z,"1440","12",16,8,0
2024-03-07T12:00:00.000Z,"1430","12",16,8,0
2024-03-07T13:00:00.000Z,"1430","12",16,8,0
2024-03-07T14:00:00.000Z,"1420","12",16,8,0
2024-03-07T15:00:00.000Z,"1420","12",16,8,0
2024-03-07T16:00:00.000Z,"1420","12",16,8,0
2024-03-07T17:00:00.000Z,"1410","12",16,8,0
2024-03-07T18:00:00.000Z,"1410","12",16,8,0
2024-03-07T19:00:00.000Z,"1400","12",16,8,0
2024-03-07T20:00:00.000Z,"1400","12",16,8,0
2024-03-07T21:00:00.000Z,"1400","12",16,8,0
2024-03-07T22:00:00.000Z,"1390","12",16,8,0
2024-03-07T23:00:00.000Z,"1380","12",16,8,0
2024-03-08T00:00:00.000Z,"1380","12",16,8,0
2024-03-08T01:00:00.000Z,"1370","12",16,8,0
2024-03-08T02:00:00.000Z,"1370","12",16,8,0
2024-03-08T03:00:00.000Z,"1360","12",16,8,0
2024-03-08T04:00:00.000Z,"1350","12",16,8,0
2024-03-08T05:00:00.000Z,"1350","12",16,8,0
2024-03-08T06:00:00.000Z,"1340","12",16,8,0
2024-03-08T07:00:00.000Z,"1330","12",12,8,0
2024-03-08T08:00:00.000Z,"1290","12",12,8,0
2024-03-08T09:00:00.000Z,"1270","12",12,8,0
2024-03-08T10:00:00.000Z,"1210","12",12,8,0
2024-03-08T11:00:00.000Z,"1170","12",12,8,0
2024-03-08T12:00:00.000Z,"1130","12",12,8,0
2024-03-08T13:00:00.000Z,"1080","12",12,8,0
2024-04-06T03:00:00.000Z,"1070","12",12,8,4
2024-04-06T04:00:00.000Z,"1110","12",12,8,0
2024-04-06T05:00:00.000Z,"1160","12",12,8,0
2024-04-06T06:00:00.000Z,"1190","12",12,8,0
2024-04-06T07:00:00.000Z,"1210","12",12,8,0
2024-04-06T08:00:00.000Z,"1250","12",12,8,0
2024-04-06T09:00:00.000Z,"1320","12",12,8,0
2024-04-06T10:00:00.000Z,"1340","12",12,8,0
2024-04-06T11:00:00.000Z,"1350","12",16,8,0
2024-04-06T12:00:00.000Z,"1350","12",16,8,0
2024-04-06T13:00:00.000Z,"1350","12",16,8,0
2024-04-06T14:00:00.000Z,"1360","12",16,8,0
2024-04-06T15:00:00.000Z,"1360","12",16,8,0
2024-04-06T16:00:00.000Z,"1360","12",16,8,0
2024-04-06T17:00:00.000Z,"1360","12",16,8,0
2024-04-06T18:00:00.000Z,"1370","12",16,8,0
2024-04-06T19:00:00.000Z,"1370","12",16,8,0
2024-04-06T20:00:00.000Z,"1370","12",16,8,0
2024-04-06T21:00:00.000Z,"1370","12",16,8,0
2024-04-06T22:00:00.000Z,"1380","12",16,8,0
2024-04-06T23:00:00.000Z,"1380","12",16,8,0
2024-04-07T00:00:00.000Z,"1380","12",16,8,0
2024-04-07T01:00:00.000Z,"1380","12",16,8,0
2024-04-07T02:00:00.000Z,"1380","12",16,8,0
2024-04-07T03:00:00.000Z,"1380","12",16,8,0
2024-04-07T04:00:00.000Z,"1380","12",16,8,0
2024-04-07T05:00:00.000Z,"1380","12",16,8,0
2024-04-07T06:00:00.000Z,"1370","12",16,8,0
2024-04-07T07:00:00.000Z,"1370","12",16,8,0
2024-04-07T08:00:00.000Z,"1370","12",16,8,0
2024-04-07T09:00:00.000Z,"1370","12",16,8,0
2024-04-07T10:00:00.000Z,"1370","12",16,8,0
2024-04-07T11:00:00.000Z,"1360","12",16,8,0
2024-04-07T12:00:00.000Z,"1360","12",16,8,0
2024-04-07T13:00:00.000Z,"1360","12",16,8,0
2024-04-07T14:00:00.000Z,"1350","12",16,8,0
2024-04-07T15:00:00.000Z,"1350","12",16,8,0
2024-04-07T16:00:00.000Z,"1340","12",16,8,0
2024-04-07T17:00:00.000Z,"1320","12",12,8,0
2024-04-07T18:00:00.000Z,"1280","12",12,8,0
2024-04-07T19:00:00.000Z,"1230","12",12,8,0
2024-04-07T20:00:00.000Z,"1180","12",12,8,0
2024-04-07T21:00:00.000Z,"1150","12",12,8,0
2024-04-07T22:00:00.000Z,"1110","12",12,8,0
2024-06-16T11:00:00.000Z,"1050","12",12,8,4
2024-08-26T20:00:00.000Z,"1060","12",12,8,4
2024-08-27T09:00:00.000Z,"1060","12",12,8,4
2024-08-27T10:00:00.000Z,"1080","12",12,8,0
2024-08-28T12:00:00.000Z,"1060","12",12,8,4
2024-08-28T13:00:00.000Z,"1100","12",12,8,0
2024-08-28T14:00:00.000Z,"1130","12",12,8,0
2024-08-28T15:00:00.000Z,"1190","12",12,8,0
2024-08-28T16:00:00.000Z,"1220","12",12,8,0
2024-08-28T17:00:00.000Z,"1260","12",12,8,0
2024-08-28T18:00:00.000Z,"1250","12",12,8,0
2024-08-28T19:00:00.000Z,"1210","12",12,8,0
2024-08-28T20:00:00.000Z,"1210","12",12,8,0
2024-08-28T21:00:00.000Z,"1140","12",12,8,0
2024-08-30T06:00:00.000Z,"1030","12",12,8,4
2024-08-30T07:00:00.000Z,"1050","12",12,8,0
2024-08-30T19:00:00.000Z,"1060","12",12,8,4
2024-08-30T20:00:00.000Z,"1170","12",12,8,0
2024-08-30T21:00:00.000Z,"1190","12",12,8,0
2024-08-30T22:00:00.000Z,"1170","12",12,8,0
2024-08-30T23:00:00.000Z,"1190","12",12,8,0
2024-08-31T00:00:00.000Z,"1160","12",12,8,0
2024-08-31T01:00:00.000Z,"1110","12",12,8,0
2024-09-01T00:00:00.000Z,"1090","12",12,8,4
2024-09-01T01:00:00.000Z,"1130","12",12,8,0
2024-09-01T02:00:00.000Z,"1090","12",12,8,0
2024-09-01T22:00:00.000Z,"1030","12",12,8,4
2024-09-01T23:00:00.000Z,"1070","12",12,8,0
2024-09-02T00:00:00.000Z,"1050","12",12,8,0
2024-09-03T16:00:00.000Z,"1030","12",12,8,4
2024-09-04T23:00:00.000Z,"1050","12",12,8,4
2024-09-05T00:00:00.000Z,"1150","12",12,8,0
2024-09-05T01:00:00.000Z,"1210","12",12,8,0
2024-09-05T02:00:00.000Z,"1170","12",12,8,0
2024-09-05T03:00:00.000Z,"1120","12",12,8,0
2024-09-05T11:00:00.000Z,"1090","12",12,8,4
2024-09-05T12:00:00.000Z,"1250","12",12,8,0
2024-09-05T13:00:00.000Z,"1350","12",12,8,0
2024-09-05T14:00:00.000Z,"1360","12",16,8,0
2024-09-05T15:00:00.000Z,"1360","12",16,8,0
2024-09-05T16:00:00.000Z,"1360","12",16,8,0
2024-09-05T17:00:00.000Z,"1350","12",16,8,0
2024-09-05T18:00:00.000Z,"1340","12",12,8,0
2024-09-05T19:00:00.000Z,"1210","12",12,8,0
2024-09-10T17:00:00.000Z,"1150","12",12,8,4
2024-09-20T18:00:00.000Z,"1020","12",12,8,4
2024-09-20T19:00:00.000Z,"1040","12",12,8,0
2024-09-20T22:00:00.000Z,"1070","12",12,8,4
2024-09-20T23:00:00.000Z,"1050","12",12,8,0
2024-09-22T16:00:00.000Z,"1070","12",12,8,4
2024-09-22T17:00:00.000Z,"1090","12",12,8,0
2024-09-22T18:00:00.000Z,"1070","12",12,8,0
2024-09-23T18:00:00.000Z,"1080","12",12,8,4
2024-09-23T19:00:00.000Z,"1110","12",12,8,0
2024-09-23T20:00:00.000Z,"1130","12",12,8,0
2024-09-23T21:00:00.000Z,"1170","12",12,8,0
2024-11-13T13:00:00.000Z,"1050","12",12,8,4
2024-11-13T14:00:00.000Z,"1140","12",12,8,0
2024-11-13T15:00:00.000Z,"1210","12",12,8,0
2024-11-14T02:00:00.000Z,"1060","12",12,8,4
2024-11-14T03:00:00.000Z,"1050","12",12,8,0
2024-11-14T04:00:00.000Z,"1040","12",12,8,0
2024-11-15T23:00:00.000Z,"1050","12",12,8,4
2024-11-16T00:00:00.000Z,"1070","12",12,8,0
2024-11-16T01:00:00.000Z,"1090","12",12,8,0
2024-11-16T02:00:00.000Z,"1050","12",12,8,0
2024-11-16T03:00:00.000Z,"1020","12",12,8,0
2024-11-16T18:00:00.000Z,"1070","12",12,8,4
2024-11-16T19:00:00.000Z,"1050","12",12,8,0
2024-11-16T20:00:00.000Z,"1040","12",12,8,0
2024-11-18T15:00:00.000Z,"1030","12",12,8,4